Section Number,Title,Section Text,Explanation,Related Cases
1,Devgan.in,Visit and Like our Facebook Page for info updates and a little dose of Legal Humor,"Visit and Like our Facebook Page for info updates and a little dose of Legal Humor

By using this website, you are implicitly agreeing to our Privacy Policy and Terms of Service",None mentioned
2,Devgan.in,Visit and Like our Facebook Page for info updates and a little dose of Legal Humor,"Visit and Like our Facebook Page for info updates and a little dose of Legal Humor

By using this website, you are implicitly agreeing to our Privacy Policy and Terms of Service",None mentioned
3,Devgan.in,Visit and Like our Facebook Page for info updates and a little dose of Legal Humor,"Visit and Like our Facebook Page for info updates and a little dose of Legal Humor

By using this website, you are implicitly agreeing to our Privacy Policy and Terms of Service",None mentioned
4,Devgan.in,Visit and Like our Facebook Page for info updates and a little dose of Legal Humor,"Visit and Like our Facebook Page for info updates and a little dose of Legal Humor

By using this website, you are implicitly agreeing to our Privacy Policy and Terms of Service",None mentioned
5,Devgan.in,Visit and Like our Facebook Page for info updates and a little dose of Legal Humor,"Visit and Like our Facebook Page for info updates and a little dose of Legal Humor

By using this website, you are implicitly agreeing to our Privacy Policy and Terms of Service",None mentioned
